{"id":"5975b735-53ac-4645-a15f-d97e5e0b3d48","revision":0,"last_node_id":0,"last_link_id":0,"nodes":[],"links":[],"groups":[],"config":{},"extra":{"ds":{"scale":0.620921323059155,"offset":[1597.6811201184307,1194.8208897009306]}},"version":0.4}