{"id":"18d8bbbe-719b-4ffb-ad4a-bcbd870c612c","revision":0,"last_node_id":0,"last_link_id":0,"nodes":[],"links":[],"groups":[],"config":{},"extra":{"ds":{"scale":0.620921323059155,"offset":[1597.6811201184307,1194.8208897009306]}},"version":0.4}